,sdss_id,ra,dec,z
0,J000410.46-100118.1,1.04359149933,-10.0217018127,0.0675502941012
1,J000413.85+010004.2,1.05773425102,1.00117838383,0.0606985315681
2,J001431.89+000029.8,3.63288211823,0.0083085205406,0.0649052038789
3,J001434.70-000045.0,3.64458870888,-0.012479676865,0.06353395432230001
4,J001558.24-001812.6,3.9926922321300014,-0.303504317999,0.0393732599914
5,J001621.70-003428.4,4.09044313431,-0.5745708942409999,0.0691350847483
6,J001642.55-002643.5,4.1773066520699995,-0.445445239544,0.06447657942769999
7,J001857.12-005816.3,4.7380075454699995,-0.971203386784,0.0685503035784
8,J002032.94-000847.0,5.13726663589,-0.146393433213,0.06419999897480001
9,J002220.79-005603.8,5.58665657043,-0.934407532215,0.05815888568760001
10,J002337.99-004703.0,5.90828275681,-0.7841682434080001,0.0635513290763
11,J002339.87-000715.0,5.9161849021899995,-0.120847769082,0.06390681117769999
12,J002537.70+000212.2,6.407100677490001,0.0367355383933,0.042448580264999994
13,J002820.53-001304.2,7.085525035860001,-0.21784886717799998,0.061258085072
14,J002851.28-001709.6,7.21366643906,-0.285990267992,0.059536140412099994
15,J002901.48+002102.9,7.2561545372000005,0.35081890225400003,0.0603190250695
16,J002923.37-000949.2,7.347388267519999,-0.16365307569499998,0.057699967175699994
17,J003209.80+010836.5,8.04080867767,1.1434860229500001,0.0589912980795
18,J003546.60+135248.1,8.94421005249,13.8800401688,0.059485450387000004
19,J003704.90-010152.7,9.270436286930002,-1.03126943111,0.049270141869800006
20,J004133.89-100117.1,10.3912391663,-10.0214424133,0.0131189003587
21,J004139.43-092452.4,10.4142637253,-9.414594650269999,0.0598667785525
22,J004234.77-093918.1,10.6448936462,-9.65504741669,0.0544932559133
23,J004351.87+004807.0,10.966152191199999,0.801957130432,0.0181377232075
24,J004418.40-090254.8,11.076682090799999,-9.04854106903,0.0572852902114
25,J005126.26+003907.1,12.859430313099999,0.651961743832,0.06797952204940001
26,J005508.96-010247.3,13.787349700899998,-1.04646778107,0.0456872694194
27,J005546.38+003842.2,13.9432973862,0.645074427128,0.0669408589602
28,J005554.54-005514.3,13.9772577286,-0.920636177063,0.044977106153999996
29,J005555.93+003940.3,13.983123779300001,0.661221921444,0.0672791078687
30,J005609.25+004113.3,14.0385637283,0.6870647072789999,0.0636514425278
31,J005611.55+004055.1,14.0481357574,0.682001233101,0.06732103973629999
32,J005612.79-005001.6,14.0533456802,-0.8337613940240001,0.0439124815166
33,J005710.17-002048.9,14.2924022675,-0.34689775109300003,0.043010108172900005
34,J005731.48+004555.9,14.3811702728,0.7655853033069999,0.0633927807212
35,J005753.53-092714.9,14.4730319977,-9.454155921939998,0.0496680885553
36,J005922.26+002917.7,14.842743873599998,0.488235861063,0.0632981434464
37,J010123.75-005710.3,15.3489561081,-0.952886283398,0.050679434090900005
38,J010319.51-003522.7,15.8313188553,-0.589632809162,0.018356237560499998
39,J010401.74-004847.0,16.0072650909,-0.8130675554279999,0.06642332673069999
40,J011004.41+154259.2,17.5184059143,15.7164402008,0.060226511210199986
41,J011448.72+001347.9,18.7030315399,0.229969784617,0.046161532402
42,J011508.56-000254.1,18.7857246399,-0.0483833774924,0.043604955077200004
43,J011508.72+003433.5,18.7863807678,0.576010048389,0.0453828498721
44,J011605.60-000053.6,19.023315429700002,-0.0148889822885,0.0446085520089
45,J011724.60-010356.0,19.3525104523,-1.06557714939,0.0459827855229
46,J012117.60-003551.5,20.323343277,-0.59764456749,0.05427652969959999
47,J012120.35-003651.5,20.3347702026,-0.614319205284,0.0536921173334
48,J012312.37-003828.2,20.801555633499998,-0.6411619186399999,0.0275133382529
49,J013142.11-005559.1,22.9255657196,-0.933311581612,0.0180577095598
50,J013658.46-002358.4,24.243598938,-0.399560749531,0.0559481233358
51,J013706.95-090857.4,24.2789459229,-9.149310112,0.0699687674642
52,J013712.87-003015.5,24.3036384583,-0.504315495491,0.05611784756180002
53,J014015.44+004953.3,25.0643463135,0.8314624428749999,0.05923538282510001
54,J014434.10+004418.7,26.1420764923,0.7385147213940001,0.0590865053236
55,J014911.62+125111.7,27.2984275818,12.8532447815,0.0262427423149
56,J015107.90-094731.3,27.7829055786,-9.79203510284,0.0430332310498
57,J015113.38-010338.6,27.8057804108,-1.06069409847,0.042935892939599984
58,J015132.89-084703.2,27.8870258331,-8.78423690796,0.0358643755317
59,J015148.51+001549.7,27.952138900799998,0.263856470585,0.0591636747122
60,J015304.89-010431.0,28.270395278899997,-1.07527935505,0.0595097318292
61,J015315.24+010220.6,28.3135223389,1.03909218311,0.059680305421400015
62,J015745.98-083334.0,29.441591262800003,-8.55942821503,0.049581222236199984
63,J015840.93+003145.1,29.670555114699997,0.529234826565,0.0232795625925
64,J020143.39-010411.3,30.4308071136,-1.0697995424299998,0.0430716052651
65,J020220.27-010638.8,30.5844573975,-1.1108056306799998,0.0431747175753
66,J020629.18+004223.1,31.6216583252,0.7063992619509999,0.0405120626092
67,J021219.68-004841.4,33.0820388794,-0.8115205764769999,0.040759105235300006
68,J022438.38-010802.5,36.1599502563,-1.1340419054000002,0.06788302958010001
69,J022606.71-001954.9,36.5279808044,-0.331912696362,0.0212831106037
70,J022745.78-010914.1,36.9407424927,-1.15389156342,0.069591537118
71,J022751.44+003005.5,36.9643516541,0.501540780067,0.0408635959029
72,J023010.84-003853.7,37.5452079773,-0.648261725903,0.0414621271193
73,J023148.25-010925.3,37.9510879517,-1.15700137615,0.053808234632000004
74,J023610.91-005833.8,39.045448303200004,-0.9760710597040001,0.0491360872984
75,J023648.87-085926.6,39.20362854,-8.990732192989999,0.042391218245
76,J024035.66-083249.4,40.1485519409,-8.54712486267,0.0375461876392
77,J024037.95-083200.0,40.1581535339,-8.53334903717,0.0387143567204
78,J024331.30+001824.4,40.8804588318,0.30682104825999995,0.026669498533
79,J024440.65-084802.8,41.1693725586,-8.80078220367,0.038323353976
80,J024744.89+002450.9,41.9370422363,0.414169222116,0.027807686477900002
81,J025548.87+010445.7,43.9536590576,1.07940685749,0.0167765282094
82,J025728.35-090044.6,44.3681755066,-9.01241207123,0.05705543607469999
83,J031202.49-000442.5,48.010375976599995,-0.07848034799100001,0.037632115185300005
84,J032017.70+003125.1,50.0737609863,0.523606300354,0.024178171530400003
85,J032341.36-000701.2,50.9223175049,-0.117011360824,0.051480326801500005
86,J032343.40-000706.3,50.930847168,-0.118411786854,0.0548399202526
87,J032902.57-005538.8,52.2607269287,-0.927472293377,0.0669170692563
88,J073933.30+293634.9,114.88876342799999,29.6097068787,0.0613883957267
89,J074751.01+182730.3,116.962562561,18.4584369659,0.042270403355400006
90,J074955.41+294341.5,117.480880737,29.728261947600004,0.05441262573
91,J075022.89+173843.4,117.59539032,17.645406723,0.0634799748659
92,J075029.25+291635.9,117.621856689,29.276676178000002,0.06347273290159999
93,J075037.87+225928.0,117.657806396,22.991134643600002,0.0450478382409
94,J075112.30+222522.4,117.80129241899999,22.4228878021,0.0452410317957
95,J075238.05+280135.8,118.158576965,28.026601791399997,0.0684339180589
96,J075316.60+292404.9,118.319190979,29.4013881683,0.0602539740503
97,J075421.50+134422.8,118.589622498,13.739695549,0.029219679534400002
98,J075446.37+142133.8,118.693222046,14.359418869,0.049598522484300016
99,J075521.54+272354.8,118.83975982700001,27.3985786438,0.065246462822
100,J075616.63+113943.7,119.069297791,11.662167549100001,0.0456405691803
101,J075739.39+250627.9,119.414131165,25.1077575684,0.061337172985100004
102,J075816.66+271029.6,119.569358826,27.175073623699998,0.0461950786412
103,J080000.28+181803.8,120.00121307399999,18.3010673523,0.0645133927464
104,J080019.76+264205.1,120.082359314,26.7014331818,0.027826823294199998
105,J080025.41+094639.0,120.105880737,9.777522087100001,0.066459454596
106,J080037.32+155210.0,120.15553283700001,15.8694601059,0.0548494793475
107,J080115.53+241913.8,120.314682007,24.320516586300002,0.0654722303152
108,J080613.44+174223.6,121.556022644,17.706577301,0.0157002490014
109,J080844.38+082837.6,122.184928894,8.47713375092,0.0469365343451
110,J080857.84+143729.8,122.24104309100001,14.624959945699999,0.0570825375617
111,J081044.15+214917.7,122.68396759,21.821603775,0.04477462917569999
112,J081205.73+292415.7,123.023841858,29.404373168899998,0.04868622869250002
113,J081221.90+211816.5,123.091293335,21.3046073914,0.0614785179496
114,J081242.77+165700.0,123.178230286,16.9500045776,0.0455837547779
115,J081244.52+165317.7,123.18550872799999,16.8882541656,0.0445122756064
116,J081345.89+223642.6,123.441223145,22.611841201799997,0.0597786270082
117,J081359.75+094203.7,123.498977661,9.70103740692,0.0521232150495
118,J081625.36+255928.8,124.105667114,25.991355895999998,0.045242264866800004
119,J082046.07+163844.8,125.191963196,16.6457843781,0.0443101450801
120,J082124.63+190852.0,125.352630615,19.1477794647,0.026567986235000004
121,J082257.70+254419.3,125.740432739,25.738710403400002,0.0279148947448
122,J082330.05+184457.9,125.875221252,18.7494335175,0.026588318869500003
123,J082350.12+113301.3,125.958862305,11.550366401700002,0.0318461060524
124,J082401.63+210137.8,126.006828308,21.0271778107,0.015489285811799999
125,J082426.07+145606.8,126.108680725,14.9352245331,0.0670683979988
126,J082512.83+110235.9,126.30345916700001,11.043313026400002,0.0660204812884
127,J082551.69+115049.5,126.465408325,11.847086906400001,0.0657618418336
128,J082607.38+120959.3,126.530761719,12.166485786400001,0.0651809871197
129,J082620.52+141407.7,126.585517883,14.2354974747,0.0662634894252
130,J082621.59+105125.4,126.58999633799999,10.8570652008,0.06566180288790001
131,J082659.68+244316.1,126.748680115,24.721166610700003,0.0672456175089
132,J082832.19+134227.5,127.13416290299999,13.707654952999999,0.0685739889741
133,J082835.71+111730.4,127.148826599,11.2917842865,0.044697947800199984
134,J082905.55+254621.4,127.273139954,25.7726364136,0.0278605613858
135,J083216.82+115048.6,128.070114136,11.8468503952,0.0461978316307
136,J083708.92+141441.6,129.287200928,14.2449169159,0.0684736445546
137,J083717.33+174319.1,129.322250366,17.7219791412,0.06824435293669999
138,J083728.21+245648.1,129.367584229,24.946718215900002,0.0260931160301
139,J083742.96+082142.3,129.429016113,8.36177539825,0.056652549654199996
140,J083758.38+251025.9,129.493286133,25.173889160199998,0.0296958424151
141,J083842.20+081301.0,129.675872803,8.21694660187,0.063462652266
142,J083944.54+051339.6,129.935623169,5.2276678085300015,0.0613034777343
143,J084029.20+292640.7,130.121673584,29.4446716309,0.050955437123800004
144,J084034.41+023640.7,130.1434021,2.61132121086,0.049619570374499995
145,J084144.20+070842.5,130.434188843,7.14516067505,0.0625235438347
146,J084430.70+021741.7,131.127960205,2.29491662979,0.0505997911096
147,J084442.74+240536.5,131.178115845,24.0934944153,0.061750639229999994
148,J084639.21+203315.4,131.663406372,20.554294586199997,0.061344273388400004
149,J084708.69+193751.7,131.786254883,19.6310501099,0.031182743609000002
150,J084749.48+140730.3,131.956192017,14.1250972748,0.06894808262589999
151,J084822.54+122210.6,132.093933105,12.3696479797,0.0684756785631
152,J085156.67+165641.2,132.986129761,16.9448127747,0.028517190367
153,J085254.78+062708.3,133.228271484,6.45230388641,0.05146310850980002
154,J085402.46+172033.5,133.510299683,17.3426456451,0.0667817592621
155,J085413.38+065823.3,133.555770874,6.97315120697,0.0653378069401
156,J085414.94+085910.9,133.56228637700002,8.98636627197,0.0637992992997
157,J085458.52+262953.6,133.743865967,26.498245239299997,0.059834945946899996
158,J085458.92+262924.2,133.745513916,26.490077972399998,0.0578351020813
159,J085757.37+001016.2,134.489059448,0.17119526863099999,0.05289908126
160,J085831.55+132202.8,134.631469727,13.367480278,0.0665951147676
161,J090023.32+171043.5,135.097213745,17.1787815094,0.054058928042699995
162,J090038.00+012811.8,135.15834045399998,1.4699654579199999,0.052186802029599993
163,J090045.63+171101.2,135.190155029,17.183681488,0.053713280707599995
164,J090047.53+295925.0,135.198043823,29.9902820587,0.05406928062440002
165,J090114.43+134454.5,135.310134888,13.7484903336,0.06829130649569999
166,J090204.42+113759.9,135.518432617,11.633320808399999,0.0581465363503
167,J090231.00+084941.5,135.629196167,8.828239440920003,0.0634543597698
168,J090234.29+223755.3,135.642883301,22.6320457458,0.0375130064785
169,J090311.33+133756.4,135.797241211,13.632347106900001,0.029033917933700002
170,J090443.67+081607.9,136.18196106,8.26888465881,0.061058960855000004
171,J090501.67+181104.0,136.256973267,18.1844501495,0.0675153508782
172,J090518.33+182631.9,136.326416016,18.4422035217,0.0139705324546
173,J090538.76+020117.0,136.4115448,2.02142262459,0.051249481737599994
174,J090551.51+010749.9,136.464645386,1.13054478168,0.05219515413049999
175,J090640.15+063344.6,136.667312622,6.5624008178699995,0.0699009820819
176,J090935.20+193030.7,137.39666748,19.5085544586,0.0278003569692
177,J090941.83+270410.9,137.424331665,27.06972885130001,0.0685065165162
178,J091315.72+015202.0,138.315505981,1.8672523498500002,0.05537684261800002
179,J091331.37+285706.3,138.380737305,28.951757431,0.0265204384923
180,J091412.75+164432.3,138.55316162100002,16.742332458499998,0.0278545506299
181,J091433.40+255412.4,138.639205933,25.9034538269,0.067774258554
182,J091517.78+180444.1,138.82409668,18.0789413452,0.0563109144568
183,J091602.47+083213.0,139.010299683,8.53693771362,0.0619496554136
184,J091630.63+253405.9,139.127639771,25.5683231354,0.0271490495652
185,J091706.92+200410.9,139.27885437,20.069702148399998,0.0278374813497
186,J091715.46+072120.4,139.314437866,7.35566663742,0.06792598962780001
187,J091735.57+031942.8,139.398254395,3.32857704163,0.0555944032967
188,J091809.29+161153.2,139.53872680700002,16.198110580399998,0.0300112534314
189,J091859.34+093951.7,139.747268677,9.664391517639999,0.055476281791900006
190,J091910.75+201434.6,139.794830322,20.2429637909,0.0299673490226
191,J091957.97+264454.9,139.99156189,26.748594284099998,0.0263602733612
192,J092024.32+103454.8,140.101364136,10.581911087,0.059013113379499986
193,J092050.74+131128.0,140.21144104,13.191141128499998,0.0166683718562
194,J092209.74-003222.4,140.540618896,-0.539574503899,0.056156583130400006
195,J092217.33-003248.9,140.572235107,-0.546950519085,0.0562604553998
196,J092708.07+292408.2,141.78364563,29.402303695700002,0.0258202850819
197,J092735.55+060335.6,141.898147583,6.05988836288,0.06325263530019999
198,J093402.48+272234.0,143.510375977,27.3761196136,0.043156132102
199,J093439.88+294910.2,143.666168213,29.8195228577,0.0625682175159
200,J093715.19+233526.1,144.313323975,23.5906105042,0.0251486320049
201,J093807.38+280327.5,144.530776978,28.0576667786,0.033647015690799996
202,J093832.88+102030.3,144.637039185,10.3417739868,0.0489848926663
203,J093839.20+111559.5,144.663345337,11.2665510178,0.06410107016559999
204,J094112.40+260524.5,145.30169677700002,26.090148925799998,0.044133372604800006
205,J094129.68+084254.8,145.373703003,8.71522426605,0.0690713971853
206,J094129.79-011457.4,145.37411499,-1.24932003021,0.0668661817908
207,J094248.76+094701.9,145.703201294,9.78390026093,0.059705689549400004
208,J094340.56+224744.8,145.91900634799998,22.795789718600002,0.06909009069199999
209,J094414.63+023007.8,146.06098938,2.50219154358,0.0607091225684
210,J094631.91+090224.4,146.63294982899998,9.04015922546,0.062023524195
211,J094744.27+214006.6,146.93447876,21.6685123444,0.0248213224113
212,J094953.04+001854.1,147.47105407700002,0.315029591322,0.063432648778
213,J095001.48+202946.3,147.506164551,20.4962272644,0.0697818547487
214,J095113.63+282129.6,147.80682373,28.358253479000002,0.047960121184599996
215,J095130.11+171533.8,147.875473022,17.2594146729,0.028568943962500006
216,J095153.40+125640.9,147.97251892100002,12.944708824200001,0.0414040908217
217,J095213.45+192154.5,148.056045532,19.365156173699997,0.0689204186201
218,J095229.67+020916.0,148.123641968,2.1544528007499997,0.0166460126638
219,J095231.93+203317.5,148.133087158,20.5548858643,0.06972379237410001
220,J095417.18+213940.6,148.571594238,21.6612930298,0.0615043863654
221,J095419.92+074132.2,148.582992554,7.69227647781,0.0597280040383
222,J095516.10+003346.6,148.817092896,0.562957704067,0.0626838058233
223,J095558.94+063358.4,148.995605469,6.56623983383,0.062116842716899996
224,J095621.83+005040.2,149.090942383,0.844557344913,0.0628354772925
225,J095628.30+001102.3,149.117919922,0.18398894369600002,0.0658077150583
226,J095635.17+100540.7,149.146575928,10.0946578979,0.0517962910235
227,J095651.40+001231.6,149.214141846,0.20882804691799997,0.0650452971458
228,J095714.80+063929.4,149.311691284,6.658188819889999,0.0616759806871
229,J095851.83+010943.5,149.7159729,1.1621102094700002,0.0566751621664
230,J095902.16+143904.2,149.759017944,14.651184082,0.0526906475425
231,J095926.19-001514.1,149.85914611799998,-0.253919780254,0.047477561980499995
232,J095928.28+210828.5,149.867843628,21.1412715912,0.0665479674935
233,J095937.63+101956.5,149.906814575,10.3323659897,0.052836108952800005
234,J095941.22+140412.8,149.921783447,14.070233345,0.05244968459009999
235,J100024.83+110505.0,150.103485107,11.0847358704,0.0601948685944
236,J100055.55+190421.9,150.231491089,19.072763443,0.06878706812860001
237,J100128.12+140033.0,150.367233276,14.0092010498,0.052689846605099996
238,J100346.54+162616.3,150.943954468,16.4378852844,0.0424274541438
239,J100358.40+102912.7,150.993377686,10.4868869781,0.053814657032500005
240,J100359.41+181047.8,150.997558594,18.1799678802,0.0692479163408
241,J100407.30+295556.7,151.030426025,29.93242836,0.051454808563
242,J100452.98-000330.0,151.220748901,-0.058346312493099996,0.021477269008800003
243,J100530.26+054019.3,151.376098633,5.6720986366299995,0.044361628592
244,J100551.19+125740.6,151.463302612,12.9613018036,0.00937547534704
245,J100617.66+135824.2,151.573654175,13.9734096527,0.028128152713200003
246,J100912.43+150018.4,152.301803589,15.005119323699999,0.030610993504499997
247,J101101.28+031329.7,152.755355835,3.2249379158,0.0446920730174
248,J101256.05+091204.2,153.23358154299999,9.201191902160001,0.0606334879994
249,J101358.51+122239.6,153.49382019,12.377689361600002,0.0594293959439
250,J101439.55-004951.2,153.664840698,-0.830910027027,0.049019731581199995
251,J101600.20+061505.2,154.000854492,6.2514462471000005,0.045833196491
252,J101637.53+295522.3,154.15638732899998,29.922882080100003,0.0508162528276
253,J101653.21+174834.6,154.221755981,17.809619903599998,0.055632825940800004
254,J101839.88+104645.6,154.666183472,10.779340744,0.051309630274800004
255,J101922.45+024433.3,154.843566895,2.7426135539999996,0.046057716012000004
256,J102103.38+111931.7,155.264083862,11.3254823685,0.0616219714284
257,J102121.12+242029.0,155.338012695,24.3414001465,0.037086121738
258,J102141.22+235523.0,155.421783447,23.9230632782,0.0391919463873
259,J102150.31+154253.0,155.459671021,15.7147388458,0.033894348889599996
260,J102155.23+205938.0,155.48013305700002,20.9939022064,0.0409497953951
261,J102228.53+154514.0,155.61891174299998,15.7538995743,0.044405054301
262,J102248.41+145552.5,155.701721191,14.931278228800002,0.04065402969719999
263,J102355.86+223914.3,155.98277282700002,22.653987884499998,0.053287845104900006
264,J102451.88+093411.1,156.216186523,9.56975364685,0.0456735566258
265,J102456.20+202409.8,156.234191895,20.4027481079,0.0370960086584
266,J102519.96+133119.9,156.333175659,13.522203445399999,0.0531915016472
267,J102533.34+021903.7,156.388931274,2.31767010689,0.0636009201407
268,J102600.53+052903.5,156.502212524,5.48431444168,0.0454099476337
269,J102721.97+110447.9,156.84156799299998,11.079979896500001,0.03233673051
270,J102737.74+273439.7,156.90725708,27.5777301788,0.0485569164157
271,J102742.07+111828.3,156.925323486,11.3078632355,0.0624104812741
272,J102805.35+204615.6,157.022338867,20.7710094452,0.0649068206549
273,J102858.10+083117.8,157.242095947,8.52161026001,0.0493978597224
274,J102951.59+194959.3,157.464996338,19.8331642151,0.0354080758989
275,J103019.36+041010.5,157.580703735,4.1695890426599975,0.0662802234292
276,J103051.39+234937.1,157.714157104,23.8269786835,0.0648915395141
277,J103214.00+111449.1,158.058349609,11.2469739914,0.06295955926180001
278,J103258.14-001358.3,158.242294312,-0.23285955190699997,0.0340467728674
279,J103259.97+075424.1,158.249893188,7.906724929810001,0.067006520927
280,J103346.65+144935.2,158.444381714,14.8264532089,0.061525531113099996
281,J103524.43+073247.4,158.851837158,7.54653453827,0.067825473845
282,J103545.36+200245.9,158.93901062,20.046102523800002,0.055119376629599995
283,J103618.81+252816.3,159.078384399,25.4712085724,0.054953340441
284,J103713.69+084323.7,159.30706787100002,8.72327041626,0.0669002309442
285,J103736.74+185800.6,159.403106689,18.9668598175,0.0577246211469
286,J103801.85+064706.5,159.507766724,6.78514766693,0.0672889426351
287,J103830.07+031353.3,159.62533569299998,3.2315003871900005,0.0562639422715
288,J103837.86+111303.3,159.65777587899998,11.217596054100001,0.053782071918199996
289,J103905.05+122627.3,159.77105712899998,12.440943718,0.0540591701865
290,J103906.61+051235.1,159.777587891,5.2097678184500005,0.0677152499557
291,J103913.14+121130.9,159.804794312,12.191935539200001,0.0479363314807
292,J104007.42+045425.8,160.030929565,4.90719127655,0.0650669783354
293,J104026.96+141739.0,160.11236572299998,14.2941904068,0.0661604180932
294,J104033.37+181729.4,160.139053345,18.2915248871,0.056505870073999986
295,J104034.48+004902.6,160.143707275,0.8174014687540001,0.0658247768879
296,J104233.28+053027.8,160.63873291,5.50774765015,0.068175829947
297,J104248.45+185322.3,160.701934814,18.8895454407,0.047073412686599994
298,J104323.72+211116.1,160.848861694,21.1878414154,0.0451928712428
299,J104414.93+222216.2,161.062225342,22.3711833954,0.0193914268166
300,J104504.00+133729.2,161.266693115,13.6247911453,0.0645970255136
301,J104509.98+045640.1,161.291641235,4.94448566437,0.0688886344433
302,J104518.30+050537.0,161.326293945,5.09361743927,0.0692502632737
303,J104623.66+073504.6,161.598632812,7.58461952209,0.05786857008930001
304,J104646.04+044845.9,161.69183349600002,4.812754631040001,0.05537227541209999
305,J104717.79+173019.9,161.824157715,17.5055465698,0.06654551625249999
306,J104730.39+030841.8,161.876647949,3.14496541023,0.0421559885144
307,J104743.61+195146.5,161.931762695,19.8629570007,0.0539456009865
308,J104834.08+125858.7,162.142028809,12.982993125899998,0.0358561500907
309,J104835.62+221459.1,162.148452759,22.2497749329,0.048993289470699995
310,J104902.19+025258.4,162.259124756,2.8829193115200002,0.0681403949857
311,J104913.61+233447.8,162.306716919,23.5799751282,0.0641540586948
312,J104941.16+002147.1,162.42149353,0.36311519146,0.0386683158576
313,J105014.08+210822.3,162.558685303,21.1395320892,0.0527394488454
314,J105022.92+032056.7,162.595535278,3.34907650948,0.0676730424166
315,J105031.23-004751.6,162.630172729,-0.7976729273800001,0.0376332476735
316,J105047.20+060554.6,162.696685791,6.09851837158,0.0420034006238
317,J105051.26+174948.4,162.713623047,17.830129623399998,0.0661713778973
318,J105149.13+034645.8,162.954711914,3.77942442894,0.0684114992619
319,J105352.21+233246.9,163.467575073,23.5463924408,0.0423646569252
320,J105356.12+211910.6,163.483886719,21.319623947100002,0.0468887276947
321,J105426.12+070833.8,163.608886719,7.1427226066600005,0.052361458539999996
322,J105429.47+210949.1,163.62283325200002,21.163663864100002,0.0315109081566
323,J105521.01+204556.4,163.83755493200002,20.7656841278,0.0320443436503
324,J105547.40+145156.0,163.947540283,14.8655729294,0.060256596654699984
325,J105659.22+142433.7,164.246780396,14.4093694687,0.0618926733732
326,J105731.15+054155.4,164.379837036,5.6987133026100025,0.0531124323606
327,J105739.42+121121.9,164.41429138200002,12.189432144200001,0.0640795901418
328,J105812.26+073418.0,164.551071167,7.571687698360001,0.049048963934199996
329,J105831.74+103417.7,164.632263184,10.5715961456,0.0670994669199
330,J105907.06+100045.0,164.779418945,10.0125179291,0.0682752728462
331,J105927.71+095008.5,164.86546325700002,9.835713386539998,0.0641119778156
332,J105945.91+295208.9,164.941314697,29.8691596985,0.0541750490665
333,J105948.86+133107.4,164.953613281,13.5187578201,0.065296985209
334,J110045.33+103311.4,165.188903809,10.5531787872,0.0338404923677
335,J110047.95+104341.3,165.199813843,10.7281484604,0.0360339730978
336,J110121.66+032506.7,165.340286255,3.4185509681700004,0.0531689450145
337,J110128.26+164605.9,165.367797852,16.768337249800002,0.06876505911349999
338,J110326.78+065220.4,165.861633301,6.872319698330001,0.0612075701356
339,J110329.77+162212.3,165.87408447299998,16.3701171875,0.0466204024851
340,J110604.15+140210.6,166.517303467,14.036286354100001,0.06617641448969999
341,J110646.45+284310.3,166.69354248,28.7195396423,0.0315431654453
342,J110728.81+064251.2,166.87005615200002,6.714239120479999,0.029094532132099997
343,J110731.60+004659.1,166.88168335,0.783109664917,0.039470564574
344,J110737.37-000138.0,166.90574646,-0.0272255074233,0.0669220462441
345,J110741.70+130132.3,166.92376709,13.0256710052,0.0349859036505
346,J110825.30+025838.3,167.105407715,2.97734808922,0.0549788326025
347,J110833.92+044954.8,167.141326904,4.83188581467,0.0231055449694
348,J110851.19+282832.5,167.21333313,28.475706100500002,0.0363075733185
349,J110920.13-005113.0,167.333892822,-0.853597998619,0.046557053923599996
350,J110946.24+004849.4,167.442672729,0.813715934753,0.0629250630736
351,J110953.06+133951.7,167.471099854,13.6643838882,0.0690671876073
352,J111001.67+051813.5,167.506973267,5.30375862122,0.0289567187428
353,J111025.77+035911.6,167.607406616,3.98657917976,0.0291088353842
354,J111029.31-004300.6,167.62213134799998,-0.716826796532,0.0636396333575
355,J111038.39+284603.3,167.659988403,28.7676124573,0.034791942685800006
356,J111038.43+281900.5,167.66015625,28.316822052,0.0343663915992
357,J111043.38+011340.0,167.68081665,1.2277446985200002,0.037714023143099996
358,J111051.41+100517.3,167.714187622,10.0881567001,0.0691861882806
359,J111053.96+103153.9,167.72479248,10.5316810608,0.0684186965227
360,J111109.32+035626.7,167.788864136,3.9407508373300004,0.0523208118975
361,J111116.89-004927.0,167.82044982899998,-0.82417178154,0.0639873966575
362,J111126.02+103452.7,167.85836792,10.5813350677,0.06699210405349999
363,J111135.11+261826.5,167.89630127,26.3073863983,0.0395371392369
364,J111148.99+080014.9,167.95416259799998,8.00415325165,0.06965276598930001
365,J111159.13+030808.7,167.996398926,3.1358053684200002,0.0298053957522
366,J111202.58-001029.3,168.010787964,-0.174816712737,0.0248785093427
367,J111230.68-010257.3,168.127838135,-1.0492719411799998,0.0644074827433
368,J111325.05+185356.4,168.354415894,18.8990192413,0.06873033940789999
369,J111406.37+063437.9,168.526596069,6.57720708847,0.047992285340999995
370,J111510.13+293148.2,168.792251587,29.5300807953,0.049604393541800004
371,J111625.53+094825.7,169.106369019,9.8071308136,0.05729893222450001
372,J111704.19+272101.8,169.267486572,27.350526809699996,0.0659798383713
373,J111718.56+293610.6,169.327362061,29.6029758453,0.0486589483917
374,J111721.85+250358.4,169.341094971,25.066236496,0.06973148882389997
375,J111806.65+232350.3,169.52772522,23.3973236084,0.022055916488200003
376,J111816.68+281537.5,169.569534302,28.2604427338,0.0327156670392
377,J111817.79+281333.7,169.574172974,28.226047515900003,0.0317550636828
378,J111821.72+281232.2,169.590515137,28.2089691162,0.0684203505516
379,J111836.01+010151.5,169.650024414,1.03098535538,0.0632413178682
380,J111903.21+051338.8,169.763397217,5.227447032930001,0.049757976084900006
381,J111932.39+140224.1,169.88499450700002,14.0400352478,0.06980256736280001
382,J111949.12+004435.3,169.954666138,0.7431668043140001,0.069587700069
383,J112023.63-004759.8,170.09844970700001,-0.79991877079,0.067888006568
384,J112059.75+003203.2,170.248947144,0.534235835075,0.024336760863700003
385,J112132.56+025314.1,170.38568115200002,2.88725709915,0.048832047730700004
386,J112137.61+024138.6,170.406723022,2.6940772533399997,0.0487062782049
387,J112214.22+241800.5,170.559265137,24.3001461029,0.0273546166718
388,J112226.35+241756.6,170.609817505,24.2990722656,0.0251492373645
389,J112303.24+000326.7,170.763504028,0.0574181564152,0.0685936361551
390,J112449.65+235642.8,171.206924438,23.945232391399998,0.0236240010709
391,J112503.41-004859.0,171.264221191,-0.816375553608,0.0257068891078
392,J112535.07-004605.6,171.39616394,-0.768232584,0.025298036634900004
393,J112749.15+212310.0,171.95481872599998,21.3861236572,0.04062256589530002
394,J112753.22+264727.2,171.97178649900002,26.7909107208,0.0532368011773
395,J112800.75+264753.0,172.003173828,26.7980632782,0.056658625602699984
396,J112907.67+213509.6,172.281967163,21.5860290527,0.045589342713400004
397,J113038.82+254655.3,172.66177368200005,25.782045364400002,0.05528456717730002
398,J113053.29+261928.8,172.722076416,26.324680328400003,0.033311899751400004
399,J113130.23+060358.0,172.875976562,6.06612205505,0.034985125064800005
400,J113330.07+222721.1,173.37530517599998,22.455873489400002,0.0374887660146
401,J113359.30+171211.6,173.49710083,17.2032413483,0.03661222383380002
402,J113410.56+210250.5,173.544036865,21.047391891500002,0.0645913556218
403,J113445.52+223910.3,173.68968200700004,22.6528720856,0.038876324892
404,J113446.66+222943.4,173.69442749,22.4954242706,0.0659110248089
405,J113526.12+222816.8,173.85885620099998,22.4713459015,0.0651244074106
406,J113549.10+174516.1,173.954620361,17.7545051575,0.065343119204
407,J113644.11+225931.2,174.18382263200004,22.992021560700003,0.0234106052667
408,J113701.52+213353.0,174.25634765599997,21.5647602081,0.036403860896800005
409,J113730.28+084558.8,174.376144409,8.7663564682,0.06624081730840001
410,J113928.32+194813.4,174.86805725099998,19.8037490845,0.0566889084876
411,J113958.57+155442.8,174.994049072,15.911905288699998,0.0692961513996
412,J114016.98+174340.4,175.070785522,17.727895736700003,0.011585640721
413,J114152.94+101815.7,175.470596313,10.3043899536,0.020263383165
414,J114206.47+085848.6,175.52697753900003,8.98021602631,0.0661137774587
415,J114229.79+102832.7,175.624160767,10.4757938385,0.06920803338289999
416,J114252.23+263226.5,175.717636108,26.5407085419,0.0284976940602
417,J114258.42+162915.3,175.743423462,16.4875984192,0.0344137139618
418,J114322.74+162907.4,175.84475708,16.485395431500002,0.021794358268400003
419,J114334.66+085632.8,175.894424438,8.94249820709,0.019918780773900004
420,J114336.11+213653.4,175.900512695,21.6148681641,0.066938854754
421,J114357.26+152911.4,175.98861694299995,15.4865093231,0.0668752938509
422,J114434.51+252517.2,176.143814087,25.4214611053,0.045927159488199996
423,J114514.61+152532.2,176.31089782700005,15.425602912899999,0.06552810221909999
424,J114517.57+212514.3,176.32325744599999,21.4206485748,0.0680813714862
425,J114519.86+265226.1,176.33277893099998,26.8739395142,0.0507153943181
426,J114633.88+135507.1,176.641189575,13.918654441800001,0.0680069252849
427,J114932.38+150039.2,177.38496398900003,15.0109024048,0.0655524507165
428,J114938.17-033408.6,177.4090271,-3.56908226013,0.0272511169314
429,J114953.85+033640.3,177.47441101099997,3.6112313270599996,0.0686418786645
430,J115228.18+134405.4,178.117431641,13.734840393099999,0.06837746500969999
431,J115253.07+141133.7,178.221160889,14.1927032471,0.0550478287041
432,J115341.67+205256.9,178.423675537,20.8824996948,0.0231989063323
433,J115439.33+202243.0,178.663894653,20.3786277771,0.067784935236
434,J115528.70+115806.1,178.86958313,11.9683656693,0.021216519177
435,J115535.27+130618.5,178.89697265599997,13.1051540375,0.0555629692972
436,J115536.19+180145.3,178.90083313,18.0292663574,0.0554083138704
437,J115538.24+112845.8,178.909378052,11.4793987274,0.0691030547023
438,J115553.44+113123.8,178.972686768,11.523283958399999,0.06913474947210001
439,J115608.45+211904.0,179.03523254400002,21.3177947998,0.0697311684489
440,J115609.80+054904.0,179.040863037,5.81779098511,0.0401129126549
441,J115637.98+112350.3,179.15824890099998,11.397316932699999,0.0669983699918
442,J115642.27+211435.5,179.17614746099997,21.243227005,0.0692328885198
443,J115651.33+134109.6,179.213912964,13.686009407,0.055627901107099996
444,J115714.30+134112.9,179.30958557099999,13.686927795399999,0.05630655959250001
445,J115724.22+275239.0,179.35093689,27.8775196075,0.021789368242
446,J115728.81+163122.3,179.37005615200005,16.5228767395,0.051863308996
447,J115742.15+101607.0,179.425643921,10.2686033249,0.0657199397683
448,J115759.03+230729.6,179.495986938,23.1248970032,0.0218485742807
449,J115916.53+061118.4,179.818893433,6.18845129013,0.0383978821337
450,J115951.24+203920.3,179.963546753,20.6556549072,0.0683052763343
451,J120030.67+094700.3,180.127807617,9.78344154358,0.06885711848739999
452,J120046.41+103421.8,180.19342041,10.5727434158,0.020857172086799998
453,J120119.04+194759.0,180.329360962,19.7997398376,0.0677131265402
454,J120210.83+241801.0,180.54513549799998,24.300300598099998,0.04389613866809999
455,J120223.07-031822.7,180.59614563,-3.3063519000999997,0.0677781179547
456,J120310.69-025233.6,180.79455566400003,-2.87600374222,0.052210997790099994
457,J120406.16+201406.3,181.02572631799998,20.2350921631,0.0210624858737
458,J120409.40+202052.5,181.039230347,20.347951889,0.0245421174914
459,J120411.29+202435.4,181.04707336400003,20.4098377228,0.023916631937000003
460,J120438.05+014715.7,181.15856933599997,1.78774368763,0.023510761559
461,J120621.85+152537.9,181.591064453,15.4272003174,0.0679287388921
462,J120638.97+281028.0,181.662384033,28.1744728088,0.0281574428082
463,J120640.52+162835.7,181.66886901900003,16.4766025543,0.062307596206700004
464,J120721.89+123526.4,181.841247559,12.590669632000001,0.0591042302549
465,J120831.31+000811.4,182.130447388,0.13650329410999998,0.0348733663559
466,J120844.22-003227.0,182.184265137,-0.540839970112,0.06258424371480001
467,J120850.93+292252.3,182.212234497,29.3812103271,0.05687969550490001
468,J120906.97+201028.9,182.27906799299998,20.1747303009,0.0665033534169
469,J121015.35+140616.2,182.563980103,14.104504585299999,0.06976137310269999
470,J121039.79+200857.3,182.66580200200002,20.149263382,0.066818960011
471,J121138.99+171633.3,182.91250610400002,17.275941848800002,0.0634650886059
472,J121147.80+141204.1,182.949188232,14.2011461258,0.062926530838
473,J121209.56+174525.2,183.03985595700001,17.757024765,0.0233364477754
474,J121231.05+203750.6,183.12940979,20.6307353973,0.0640925392509
475,J121407.36+140924.7,183.530685425,14.156880378699999,0.0510007590055
476,J121430.79+265627.8,183.628311157,26.9410762787,0.0639738962054
477,J121442.49+125924.7,183.677078247,12.9902172089,0.0579353459179
478,J121445.77+131935.0,183.690750122,13.3264188766,0.0657194033265
479,J121500.02+274801.1,183.75007629400002,27.8003482819,0.06976758688689999
480,J121523.15+265305.9,183.846511841,26.8849887848,0.024939443916099997
481,J121530.06+144031.3,183.875274658,14.6753778458,0.0638596042991
482,J121727.79-004649.7,184.365814209,-0.780451059341,0.0698668062687
483,J121811.50+130301.6,184.54791259799998,13.050450325,0.0660818815231
484,J121909.61+114235.9,184.79005432099999,11.7100057602,0.0552370287478
485,J121926.44+211012.6,184.860198975,21.1701793671,0.0317888259888
486,J121947.91+122518.9,184.949661255,12.421935081500001,0.0597765929997
487,J122023.25-013103.3,185.09689331099997,-1.51756775379,0.0683570280671
488,J122032.10+210302.4,185.13380432099999,21.0506744385,0.06511017680169999
489,J122126.79+272940.3,185.36167907700002,27.4945392609,0.063538916409
490,J122145.59+103544.2,185.440032959,10.5956306458,0.0264673158526
491,J122306.66+103716.5,185.777786255,10.6212568283,0.025488829240200003
492,J122309.60+103247.1,185.79002380400001,10.5464162827,0.024902384728200003
493,J122405.83+112756.5,186.02430725099998,11.4657058716,0.0638458654284
494,J122415.60+201722.3,186.065032959,20.2895412445,0.0646217912436
495,J122429.97+183627.2,186.124893188,18.6075782776,0.0662134811282
496,J122437.55+105020.5,186.15647888200002,10.839044570899999,0.026172503829
497,J122525.11+160727.0,186.354644775,16.1241893768,0.030785867944400008
498,J122606.96+174436.2,186.529052734,17.743391037000002,0.06950458884239999
499,J122635.49+090207.6,186.647872925,9.03544139862,0.0248936470598
500,J123056.70+285145.4,187.73628234900002,28.862628936799997,0.0597196891904
501,J123104.19+284332.6,187.767486572,28.725736618000003,0.061310838908
502,J123104.42+285109.7,187.768432617,28.852706909200002,0.0654694139957
503,J123124.07+285118.6,187.850311279,28.8551902771,0.06202077120540001
504,J123143.99+280850.5,187.93333435099998,28.1473731995,0.06344332546
505,J123250.07+164201.8,188.20866394,16.7005138397,0.06939892470839999
506,J123252.25+112415.7,188.21774292,11.404379844700001,0.0243098214269
507,J123308.44+262057.7,188.285186768,26.34937286380001,0.0241803899407
508,J123502.84-034043.0,188.76184082,-3.67860651016,0.0618162602186
509,J123545.85+265432.0,188.94107055700002,26.908891677899998,0.024766197428099997
510,J123901.12+002155.9,189.754684448,0.36557388305699995,0.0230151936412
511,J123904.78+134532.4,189.769943237,13.7590084076,0.045577757060500004
512,J123927.86+162545.7,189.86613464400003,16.4293804169,0.0695052146912
513,J124133.20+172402.7,190.38835144,17.4007701874,0.0663014873862
514,J124220.64+205216.7,190.58601379400002,20.8713150024,0.06348002702000001
515,J124245.11+090006.9,190.687973022,9.00193023682,0.068280890584
516,J124307.21+104036.8,190.78004455599998,10.6769075394,0.06248130649330001
517,J124457.38-000235.2,191.239089966,-0.0431177131832,0.0482448898256
518,J124512.87+014817.2,191.303665161,1.8048020601299999,0.0475680157542
519,J124625.94+163417.8,191.608139038,16.571641922,0.0676449164748
520,J124755.31+271320.4,191.980484009,27.222360611,0.0265774838626
521,J125112.89+045132.5,192.803741455,4.85902357101,0.0250358004123
522,J125153.45+043447.2,192.972747803,4.579798221590001,0.0644892081618
523,J125348.60+293518.1,193.452514648,29.588390350300003,0.0463043823838
524,J125356.64+050155.6,193.48602294900002,5.03210067749,0.0648774057627
525,J125520.08+125100.7,193.83367919900002,12.8502168655,0.062127053737599996
526,J125657.07+122148.6,194.237823486,12.3635225296,0.0496306568384
527,J125803.12+275813.9,194.513046265,27.9705486298,0.0686293840408
528,J125850.65+052230.5,194.711044312,5.37514162064,0.042452625930300004
529,J125901.82+264856.3,194.75761413599997,26.815666198699997,0.0238646753132
530,J130008.13+275836.9,195.033874512,27.9769535065,0.0215017478913
531,J130122.34+071906.7,195.34312439,7.318548202510001,0.0449857674539
532,J130208.01+060104.8,195.53341674799998,6.0180239677400005,0.04927417635919999
533,J130211.27+041331.1,195.54699707,4.2253031730699995,0.037163551896800005
534,J130220.37+190558.9,195.58489990200002,19.0997009277,0.0644150450826
535,J130234.65+002054.8,195.644363403,0.348592787981,0.0678026527166
536,J130351.24+122303.9,195.963516235,12.3844280243,0.0646577477455
537,J130406.75+255820.9,196.02813720700001,25.9725017548,0.059991452843000004
538,J130407.72+191238.3,196.03221130400001,19.2106456757,0.06634084135290001
539,J130441.02+220856.1,196.170944214,22.1489391327,0.06945674866439999
540,J130554.54+085649.7,196.477264404,8.94716739655,0.067442715168
541,J130606.26+203002.7,196.526107788,20.5007762909,0.0631795525551
542,J130611.55+213015.6,196.548156738,21.5043640137,0.06855835020539999
543,J130621.61+071049.9,196.59007263200002,7.180533885960001,0.0637179240584
544,J130701.54+093704.5,196.75642395,9.6179265976,0.055814068764399996
545,J130734.03+162122.2,196.89181518599997,16.3561878204,0.053870331496
546,J130739.41+062009.4,196.914215088,6.33594560623,0.0238503068686
547,J130750.52+182455.7,196.96054077099998,18.4155006409,0.021723069250599997
548,J130921.36+042953.3,197.339019775,4.4981379508999995,0.047097820788599996
549,J130947.32+084745.9,197.44718933099998,8.79609870911,0.053016696125300015
550,J131002.91+090454.1,197.512145996,9.081708908080001,0.067654274404
551,J131026.56+165405.9,197.610702515,16.9016609192,0.0650469511747
552,J131034.91+161057.0,197.645477295,16.182531356800002,0.065980874002
553,J131037.23+022115.9,197.655181885,2.35444259644,0.0671729892492
554,J131104.94+084828.2,197.770599365,8.8078660965,0.0325382687151
555,J131107.61+104241.4,197.781707764,10.7115154266,0.06952868402000001
556,J131208.39+102714.7,198.034973145,10.454089164700001,0.0691052153707
557,J131210.62+212552.3,198.04428100599998,21.4312114716,0.0632166489959
558,J131326.94+274808.5,198.36228942900001,27.802377700799997,0.021316654980200002
559,J131507.99+063227.0,198.783309937,6.5408411026,0.05116449296469999
560,J131529.82+095100.6,198.874282837,9.85017871857,0.0496251657605
561,J131548.06+100011.8,198.95030212400002,10.0032930374,0.0527536347508
562,J131621.15+065938.5,199.088165283,6.99405813217,0.0494375787675
563,J131642.17+232337.9,199.175720215,23.3938903809,0.06413277238609999
564,J131658.46+075040.1,199.243591309,7.84448719025,0.048975188285099995
565,J131722.08+285345.9,199.34205627400002,28.896097183200002,0.060667995363499996
566,J131724.69+110424.4,199.352905273,11.0734548569,0.0568150542676
567,J131725.44+091919.9,199.356033325,9.32219600677,0.021965134888900003
568,J131944.64+102145.9,199.936004639,10.3627729416,0.0488651283085
569,J132114.89+003026.9,200.312057495,0.507471263409,0.0642749369144
570,J132115.56+120240.4,200.314834595,12.0445623398,0.052570138126600004
571,J132123.09+002032.6,200.346176147,0.342410087585,0.0184246115386
572,J132125.69+144343.0,200.35705566400003,14.7286195755,0.024213552475
573,J132511.82+082149.6,201.299285889,8.36380195618,0.051417130976900004
574,J132557.25+245014.1,201.48858642599998,24.83727073670001,0.0636537745595
575,J132709.67-013118.4,201.790313721,-1.5217787027399998,0.0669763088226
576,J132727.42+084246.5,201.86427307099999,8.71292304993,0.051357254385900004
577,J132841.66+113630.6,202.17361450200002,11.6085062027,0.024399194866400003
578,J132912.34+283443.4,202.301437378,28.578754425,0.061321191489699986
579,J133002.24+132457.8,202.50936889599998,13.4160652161,0.0246789176017
580,J133138.32+101504.9,202.909698486,10.2513599396,0.0634024813771
581,J133328.17+253241.6,203.36741638200002,25.5449066162,0.0630814507604
582,J133349.85+031857.0,203.457733154,3.31585693359,0.022324629128
583,J133531.37+191917.9,203.880737305,19.3216495514,0.0602213554084
584,J133613.44+102841.5,204.056015015,10.4782037735,0.053764577955
585,J133626.20+072210.5,204.10917663599997,7.36959314346,0.0234617367387
586,J133646.62+115811.0,204.19427490200002,11.9697332382,0.059094250202199994
587,J133723.23+035350.7,204.346817017,3.8974266052199997,0.022766534239099998
588,J133753.22+145239.8,204.47178649900002,14.877746582,0.0665911287069
589,J133848.06+185730.0,204.70030212400002,18.95835495,0.0271734781563
590,J134046.88+255350.1,205.19535827599998,25.8972663879,0.028770636767099997
591,J134139.31+050158.3,205.41383361799998,5.03286933899,0.0233247522265
592,J134151.81+260556.8,205.46589660599997,26.0991363525,0.06603930145499999
593,J134223.31+295052.2,205.59713745099998,29.8478336334,0.0442763641477
594,J134231.87+262914.0,205.6328125,26.4872341156,0.0654552131891
595,J134237.03+295116.3,205.654312134,29.8545436859,0.0365693233907
596,J134241.46+262813.3,205.67277526900003,26.4703655243,0.0643829479814
597,J134304.06-030651.4,205.766952515,-3.11429953575,0.0694339871407
598,J134318.14+151624.3,205.8256073,15.2734212875,0.0663101449609
599,J134405.25+293322.0,206.021911621,29.5561161041,0.0514649562538
600,J134415.66+193359.9,206.0652771,19.56665802,0.0269249100238
601,J134516.16+231308.2,206.317352295,23.218954086300002,0.0305895358324
602,J134533.82+294030.0,206.39093017599998,29.6750183105,0.06088732928040001
603,J134547.23+065946.7,206.44682312,6.99631547928,0.0540617331862
604,J134831.89+284930.0,207.132904053,28.8250007629,0.0627899169922
605,J134912.19-022546.4,207.300796509,-2.42957401276,0.0469559766352
606,J134937.10+110547.5,207.40461731,11.0965309143,0.036651279777300004
607,J134939.16+175731.2,207.413223267,17.958679199200002,0.06501032412050001
608,J134947.63+175510.9,207.448486328,17.9196968079,0.0655052363873
609,J134955.45+270851.2,207.481063843,27.147575378400003,0.0628352239728
610,J135024.24+091910.5,207.601013184,9.31960773468,0.0647703185678
611,J135045.53+230525.1,207.68971252400002,23.0903167725,0.0557629838586
612,J135052.17+291017.5,207.717391968,29.171552658099998,0.0516673587263
613,J135137.92+173124.7,207.908035278,17.5235347748,0.0661182925105
614,J135159.39+135803.0,207.997497559,13.9675092697,0.0366291664541
615,J135206.58+100639.1,208.027435303,10.1108903885,0.0655689910054
616,J135248.43+180009.4,208.20181274400002,18.0026359558,0.06347976624969999
617,J135256.11+202142.4,208.233795166,20.3617801666,0.0545643083751
618,J135257.68+205501.2,208.240341187,20.9170150757,0.0286281369627
619,J135302.44+243336.7,208.260192871,24.560218811,0.056942064315099995
620,J135311.23+251404.8,208.296844482,25.234685897800002,0.0573534816504
621,J135351.50+062945.3,208.46461486799998,6.4959335327100005,0.0518241599202
622,J135414.25-012611.3,208.55938720700001,-1.4364804029499998,0.024195626378099997
623,J135426.81+214947.9,208.611709595,21.829996109,0.027738891542000002
624,J135428.88+052636.1,208.62034606900002,5.44338321686,0.0521916262805
625,J135511.27+100119.0,208.796966553,10.0219717026,0.0380045101047
626,J135546.78+255025.3,208.94496154799998,25.8403625488,0.0604485049844
627,J135651.70+293537.1,209.215454102,29.593654632600003,0.034698218107199995
628,J135652.40+231348.2,209.21836853,23.2300834656,0.0634607970715
629,J135700.25+252627.0,209.25103759799998,25.440870285,0.058614641428
630,J135814.34+213846.9,209.55978393599997,21.646396637,0.0654283612967
631,J135830.40+120759.3,209.62669372599998,12.1331529617,0.0643490329385
632,J135831.21+275546.1,209.630081177,27.929487228400003,0.0611273273826
633,J135927.30+284438.3,209.86380004900002,28.7439861298,0.06356359273199999
634,J135933.98+200528.1,209.89158630400001,20.0911388397,0.0613378062844
635,J140005.39+173718.8,210.022506714,17.6219062805,0.0591045878828
636,J140131.58+281711.9,210.38160705599998,28.2866535187,0.027189293876299998
637,J140137.28+203752.7,210.40536499,20.6313228607,0.0672872588038
638,J140159.93+265150.3,210.499755859,26.863973617600003,0.0630297660828
639,J140220.31+295053.3,210.584655762,29.8481655121,0.0622827373445
640,J140230.48+201042.5,210.62702941900002,20.1785011292,0.06371075659990001
641,J140252.50+165000.4,210.71879577599998,16.8334617615,0.060096520930500004
642,J140254.13+195911.6,210.725585938,19.9865722656,0.0636586248875
643,J140304.51+244625.1,210.768844604,24.7736473083,0.06196718290450001
644,J140332.43+293402.2,210.88513183599997,29.567287445100003,0.0654391869903
645,J140343.62+292045.3,210.931793213,29.345922470100003,0.0632835328579
646,J140349.33+054451.1,210.955581665,5.74753808975,0.054325219243800016
647,J140402.95+174441.5,211.012298584,17.7448654175,0.05904048308730001
648,J140422.56+155032.6,211.09405517599998,15.8424062729,0.05849417299030001
649,J140427.89+155234.1,211.116256714,15.8761672974,0.058370798826199985
650,J140445.70+142255.3,211.19044494599999,14.382047653199999,0.025360945612200002
651,J140606.72+123013.6,211.528015137,12.503783226,0.037922888994199995
652,J140650.59+185720.0,211.71081543,18.955581665,0.056233931332800004
653,J140658.93+123338.8,211.745559692,12.560790062,0.060131657868599996
654,J140708.84+151905.0,211.78684997599998,15.3180828094,0.059751767665099986
655,J140738.87-005719.1,211.911956787,-0.95532566309,0.0538504347205
656,J140824.86-003520.9,212.103607178,-0.589145302773,0.0526761561632
657,J140840.86+160549.6,212.170303345,16.0971240997,0.026287043467200004
658,J140853.90+101156.3,212.224594116,10.198972702,0.067230373621
659,J140946.81+113505.4,212.445068359,11.5848493576,0.038178589195
660,J140950.27+105740.2,212.459457397,10.961192130999999,0.059715613722800015
661,J141050.37+190318.6,212.709915161,19.0551967621,0.066605091095
662,J141104.52+254152.6,212.768875122,25.6979751587,0.0320597700775
663,J141110.63+214917.2,212.794342041,21.821453094499997,0.0578824989498
664,J141113.97+210541.8,212.80821228,21.0949497223,0.0566058196127
665,J141153.46-000302.3,212.97277832,-0.0506372898817,0.05380791053180002
666,J141310.50+014617.1,213.29376220700001,1.77139937878,0.0480123013258
667,J141311.72+190343.3,213.29887390099998,19.0620365143,0.0556472800672
668,J141319.87+085102.0,213.33279418900003,8.85057258606,0.0239185802639
669,J141356.43+115913.3,213.485153198,11.987053871199999,0.053990270942400005
670,J141425.51+180557.2,213.606292725,18.0992279053,0.0691125914454
671,J141508.01+030645.7,213.78338623,3.11273479462,0.024191735312299997
672,J141531.93+183115.2,213.883087158,18.5209102631,0.0546333640814
673,J141539.22+141657.4,213.913452148,14.282615661600001,0.018446495756500002
674,J141609.40+230040.8,214.039215088,23.0113487244,0.0635319203138
675,J141703.90+181027.2,214.266281128,18.1742115021,0.0542526505888
676,J141719.56+022039.4,214.33154296900003,2.34428882599,0.055119689554000005
677,J141722.80+050111.3,214.345031738,5.0198135376,0.0578200630844
678,J141845.69+055004.8,214.690383911,5.834661006930001,0.048904940486000005
679,J141848.49+105037.7,214.70208740200002,10.8438196182,0.055930644273800005
680,J141923.09+183606.8,214.84622192400002,18.601919174200003,0.0681351497769
681,J142131.32+235653.9,215.38055419900002,23.9483108521,0.0499203018844
682,J142241.56+042420.8,215.673202515,4.40580511093,0.054424006491900004
683,J142327.99+083542.1,215.866622925,8.59506130219,0.0561386160553
684,J142334.14+092704.7,215.89225769,9.45134067535,0.0630612671375
685,J142426.72+163822.5,216.111343384,16.6396083832,0.0552571862936
686,J142433.60+293541.6,216.140014648,29.594892501799997,0.0531452521682
687,J142445.74+292736.6,216.19061279299999,29.460178375199998,0.0539068840444
688,J142459.12-030401.2,216.246368408,-3.0670483112299998,0.0516548603773
689,J142521.85+171726.8,216.341064453,17.2907924652,0.0509249828756
690,J142633.55+164534.7,216.639816284,16.759654998800002,0.0536503717303
691,J142717.09+164951.4,216.82122802700002,16.8309593201,0.0514991655946
692,J142737.36+165359.4,216.905715942,16.899873733499998,0.05037902668119999
693,J142758.18+263016.2,216.992431641,26.5045032501,0.032245270907900005
694,J142810.53-004104.5,217.04388427700002,-0.68461984396,0.0551703609526
695,J142838.60+173425.3,217.160858154,17.5737113953,0.0513407811522
696,J142859.23+171914.0,217.246826172,17.3205718994,0.051621258258800005
697,J142907.36+271149.4,217.280715942,27.197065353400003,0.0598299428821
698,J142916.56+171745.3,217.319015503,17.2959194183,0.05188063159580001
699,J142916.62+284918.7,217.31927490200002,28.8218822479,0.014400493353600004
700,J143115.54+273811.4,217.81477356,27.636520385700003,0.0643448606133
701,J143118.31+235445.4,217.826324463,23.9126205444,0.0634176135063
702,J143138.29+010725.9,217.909576416,1.12385940552,0.029916796833299997
703,J143314.02-025441.4,218.308425903,-2.9115226268799996,0.049996245652400004
704,J143327.21+091443.2,218.36340332,9.245351791380001,0.027314087376000003
705,J143405.85+003712.3,218.524414062,0.6200870871540001,0.0304013080895
706,J143410.95+101243.7,218.54566955599998,10.212162017799999,0.0309863984585
707,J143434.59+140548.3,218.64413452099998,14.0967588425,0.069666184485
708,J143501.52+162323.7,218.756362915,16.3899440765,0.052308812737499995
709,J143511.95+231002.1,218.79981994599999,23.167264938400002,0.0680095851421
710,J143527.13+210114.2,218.86305236799998,21.0206260681,0.052637524902800006
711,J143550.60+280848.7,218.960830688,28.1468639374,0.052745100110800004
712,J143653.66+182214.2,219.22361755400001,18.3706302643,0.048295568674800005
713,J143706.80+092226.2,219.27833557099999,9.373969078060002,0.051630251109600005
714,J143709.54+251503.0,219.289749146,25.250856399499998,0.033985577523699996
715,J143744.41+035101.7,219.435089111,3.85048127174,0.0648197680712
716,J143825.37+181102.4,219.60572814900002,18.1840229034,0.030545245856
717,J143845.90+283019.5,219.691253662,28.505443573,0.045320954173800006
718,J143916.18+200237.3,219.81744384799998,20.0436954498,0.0300877913833
719,J143917.95+032206.0,219.824783325,3.36833953857,0.027943052351500002
720,J143937.84+030848.0,219.90768432599998,3.14666891098,0.029492095112799998
721,J143940.00+093037.3,219.916687012,9.51038837433,0.051172319799699995
722,J144005.67+290544.1,220.02366638200002,29.095590591399997,0.069896697998
723,J144247.50+102220.0,220.697952271,10.372236251799999,0.0549285151064
724,J144311.82+185247.8,220.799255371,18.8799571991,0.0317085497081
725,J144317.62-024514.4,220.82342529299999,-2.7540001869200004,0.0587310381234
726,J144318.70+204710.5,220.827957153,20.7862586975,0.0550279133022
727,J144330.80+111209.7,220.878356934,11.202692985499999,0.028051322326099998
728,J144412.18+075658.7,221.050765991,7.949643611910001,0.027693193405900002
729,J144431.33+192811.1,221.130569458,19.4697666168,0.0395993664861
730,J144440.30+241951.7,221.16792297400002,24.3310527802,0.06334746629
731,J144621.83+132836.6,221.59097290000003,13.4768571854,0.06778173148630001
732,J144625.48+221813.2,221.606185913,22.3036956787,0.0617788806558
733,J144639.09+191702.6,221.66290283200001,19.2840671539,0.043632499873599996
734,J144700.10+113531.2,221.750427246,11.5920219421,0.031168140471
735,J144706.32+113537.6,221.77633667,11.5938034058,0.0292051695287
736,J144742.26+183007.2,221.92608642599998,18.5020256042,0.019911469891700003
737,J144743.93+152157.8,221.933059692,15.3660697937,0.06598018854860001
738,J144904.88+164406.3,222.270355225,16.7350997925,0.039636436849800005
739,J144906.69+260053.3,222.277877808,26.0148353577,0.0626292899251
740,J144912.39+170115.3,222.301635742,17.0209350586,0.0374609827995
741,J144926.61+085816.0,222.36088562,8.971106529239998,0.0402450151742
742,J144929.54+193258.8,222.37312316900002,19.5496845245,0.0687132701278
743,J144931.49+260100.4,222.38125610400002,26.01679039,0.0633084475994
744,J144936.19+220850.9,222.400802612,22.147499084499998,0.0606213100255
745,J144941.91+264228.9,222.424667358,26.708032608000003,0.0521111823618
746,J144944.06+174317.9,222.43359375,17.7216415405,0.06801529228690001
747,J144946.67+195446.7,222.444488525,19.9129886627,0.0681646466255
748,J145028.08+110649.5,222.61698913599997,11.1137485504,0.053379360586400006
749,J145039.11+183832.9,222.662994385,18.642467498800002,0.045674327760899996
750,J145040.82+093028.3,222.67012023900003,9.50787734985,0.0504167452455
751,J145059.72-000215.0,222.74879455599998,-0.037548847496500004,0.0428635179996
752,J145109.86+183431.4,222.791107178,18.5753936768,0.042680557817199996
753,J145117.65+184113.5,222.82357788099998,18.6870937347,0.043578278273300006
754,J145136.76+192847.9,222.903198242,19.4799861908,0.0654303580523
755,J145152.18+051444.3,222.96743774400002,5.24565982819,0.0570630691946
756,J145319.47+075000.4,223.331176758,7.8334646225,0.035984970629199996
757,J145322.61+230356.5,223.344223022,23.0656967163,0.06334146112200001
758,J145332.91+030438.3,223.387161255,3.0772857666,0.0279598906636
759,J145347.54+242940.0,223.44808959999997,24.4944667816,0.0639462918043
760,J145418.58+122945.6,223.577423096,12.4960126877,0.0507321245968
761,J145432.74+025759.1,223.636444092,2.96642494202,0.027236444875599997
762,J145443.11+271932.3,223.6796875,27.3256492615,0.0615948699415
763,J145447.57+204837.4,223.69822692900001,20.8104057312,0.0453505441546
764,J145447.87+183351.5,223.699493408,18.56432724,0.0558680258691
765,J145454.81+184135.7,223.728393555,18.693271637,0.060683645307999995
766,J145503.80+252203.1,223.765869141,25.3675346375,0.048386413604
767,J145536.29+252712.7,223.90121459999997,25.453540802,0.067394733429
768,J145551.14+295353.2,223.96310424799998,29.8981361389,0.0633604675531
769,J145612.26+180453.6,224.051101685,18.0815792084,0.05396496877069999
770,J145650.28+195547.0,224.209533691,19.9297409058,0.0598756149411
771,J145730.93+082326.3,224.378890991,8.39065551758,0.0370477028191
772,J145753.73+261719.8,224.473892212,26.288845062300002,0.0626502409577
773,J145836.46+242240.6,224.65194702099998,24.3779582977,0.0173640418798
774,J145857.41+265717.5,224.739227295,26.954877853400003,0.0689356774092
775,J145911.42+132518.7,224.797607422,13.4218606949,0.0436622314155
776,J145938.31+072404.3,224.90965271,7.401208400730001,0.0559106618166
777,J150017.52+064206.8,225.07301330599998,6.701906204219999,0.056491121649699994
778,J150114.69+193858.9,225.311233521,19.6497077942,0.0525005310774
779,J150150.05+163034.0,225.458572388,16.5094738007,0.050800565630199995
780,J150232.67+210251.1,225.636169434,21.0475482941,0.0626850426197
781,J150243.36+171509.0,225.68069458,17.2525215149,0.0380461700261
782,J150337.69+204258.3,225.907073975,20.7162322998,0.0663501396775
783,J150340.52+224202.2,225.91885376,22.7006511688,0.0384811498225
784,J150350.92+220049.9,225.962188721,22.013885498,0.0523087643087
785,J150405.77+163506.3,226.024093628,16.5851154327,0.0460623651743
786,J150407.24+283110.2,226.03019714400003,28.519506454499997,0.057217203080699996
787,J150411.78+072723.1,226.04908752400002,7.456435680389999,0.0556012280285
788,J150422.98+281439.2,226.095794678,28.244222641,0.0589865632355
789,J150435.56+282938.2,226.148193359,28.4939517975,0.0604941919446
790,J150444.72+281112.4,226.186355591,28.1867828369,0.0593638978899
791,J150448.19+212036.5,226.20082092299998,21.3434829712,0.0645616725087
792,J150457.26+162023.3,226.23858642599998,16.3398323059,0.0512991584837
793,J150507.09+162505.0,226.27955627400002,16.4180698395,0.050091553479399996
794,J150513.62+084747.7,226.306762695,8.79657363892,0.044921644032
795,J150527.92+142540.6,226.36639404299999,14.427967071500001,0.045188777148699996
796,J150531.15+281744.8,226.37980651900003,28.295785903899997,0.056538596749300014
797,J150535.58+254043.2,226.398254395,25.6786766052,0.0431059710681
798,J150601.26+142949.8,226.505264282,14.497179985,0.0451761186123
799,J150605.40+242327.5,226.52253723099997,24.3909893036,0.0663858056068
800,J150611.68+030833.2,226.548690796,3.142567873,0.042466815561100005
801,J150623.46+033550.2,226.597763062,3.59730005264,0.0357962884009
802,J150636.12-011753.5,226.650543213,-1.298204422,0.06982985883949999
803,J150654.85+001110.8,226.72857666,0.186319813132,0.0350732654333
804,J150711.97+202846.5,226.799926758,20.4796085358,0.0421459339559
805,J150731.43+161152.1,226.880996704,16.1978206635,0.04471109807490002
806,J150741.05+264025.0,226.92108154299999,26.673614502,0.0555004253983
807,J150803.76+271544.3,227.015686035,27.2623138428,0.05846022069450001
808,J150816.24+241801.8,227.067687988,24.3005199432,0.06528070569040001
809,J150901.05-000957.2,227.25439453099997,-0.165874063969,0.0345208011568
810,J151011.93-021454.5,227.54974365200002,-2.24849438667,0.0379224717617
811,J151018.41+074219.6,227.576721191,7.705438613889999,0.04238719120619999
812,J151031.82+031831.3,227.63261413599997,3.30871367455,0.0604069977999
813,J151033.07+083528.3,227.637817383,8.59119129181,0.0465328916907
814,J151057.57+073618.3,227.73991394,7.605081558230001,0.048432938754599995
815,J151104.94+041737.9,227.77061462400002,4.29383182526,0.0420257821679
816,J151131.77+014549.9,227.882369995,1.7638783454900002,0.0396520420909
817,J151142.11+070623.1,227.92547607400002,7.106430530549999,0.0426532141864
818,J151143.02+072937.5,227.929275513,7.493762493130001,0.0448663793504
819,J151223.62+071828.2,228.09844970700001,7.3078579902600005,0.046575974672999995
820,J151231.03+150754.5,228.129333496,15.1318101883,0.0652345046401
821,J151237.69+070651.7,228.157073975,7.11437129974,0.0451761819422
822,J151309.61+075153.1,228.29005432099999,7.86475419998,0.046346396207800004
823,J151340.65+113030.7,228.41943359400003,11.508523940999998,0.0640884712338
824,J151427.29+204721.6,228.613723755,20.7893371582,0.0397230200469
825,J151439.79+263539.1,228.66581726099997,26.5941982269,0.032175023108700004
826,J151443.98+010915.3,228.68322753900003,1.15428984165,0.029279671609400006
827,J151510.79+053439.3,228.79496765099998,5.57759618759,0.0327913872898
828,J151535.67+201813.2,228.89863586400003,20.3036689758,0.059891454875499996
829,J151538.69+081802.7,228.911224365,8.30075454712,0.0339395850897
830,J151631.64+074437.5,229.131866455,7.74376392365,0.04433317482469999
831,J151643.05+102917.3,229.179412842,10.488155365,0.06048860773440001
832,J151703.97+051521.9,229.266571045,5.25610208511,0.051009994000199996
833,J151711.15+032105.8,229.296463013,3.3516008853900003,0.036989044398099996
834,J151852.59+045156.5,229.719177246,4.86569833755,0.034826755523699994
835,J151858.17+204855.3,229.74238586400003,20.815385818499998,0.041834112256800005
836,J151901.45+043114.7,229.75607299799998,4.52077531815,0.036504916846800003
837,J151904.38+215051.4,229.768264771,21.8476219177,0.06838355213399999
838,J151924.25+205326.7,229.851089478,20.8907985687,0.0399093218148
839,J152258.86+000556.1,230.745254517,0.0989474952221,0.0583562329412
840,J152305.02+111441.8,230.770950317,11.2449445724,0.0549002885818
841,J152312.40+083722.3,230.80166626,8.622862815860001,0.028502387926
842,J152329.98+202633.2,230.87495422400002,20.442564010599998,0.04215997830030002
843,J152335.24+092046.1,230.896865845,9.34615135193,0.0357026867568
844,J152346.85+054630.7,230.945220947,5.77519607544,0.0423629023135
845,J152424.77+204542.1,231.10325622599998,20.7617053986,0.0391832180321
846,J152545.25+293508.4,231.43855285599997,29.5856781006,0.0565294362605
847,J152704.49+084540.2,231.768753052,8.76118183136,0.0350998491049
848,J152735.29+001721.1,231.897033691,0.28916358947799997,0.049601603299400006
849,J152737.75+255005.7,231.90730285599997,25.834930419899997,0.0680880323052
850,J152746.19+045253.4,231.942474365,4.88150930405,0.0417605563998
851,J153125.61-004913.0,232.856735229,-0.820270895958,0.0697939395905
852,J153209.95+130156.7,233.04150390599997,13.032414436300002,0.0530280657113
853,J153258.03+002626.6,233.24180603,0.44074177742,0.036564465612199996
854,J153259.97+005809.0,233.249862671,0.969159126282,0.0502166673541
855,J153321.78+004643.1,233.340774536,0.7786770462989999,0.0522558577359
856,J153339.97+242416.8,233.416564941,24.4046821594,0.043406359851400005
857,J153400.23+065401.1,233.50099182099999,6.900320529939999,0.0660364627838
858,J153403.37+223222.5,233.514053345,22.539596557600003,0.06815801560880001
859,J153410.60+070537.4,233.544189453,7.093717098239999,0.0465209595859
860,J153422.60+233006.0,233.594177246,23.501684188800002,0.0643128305674
861,J153509.70-003950.0,233.790481567,-0.6638919711110001,0.0662178248167
862,J153513.26+042957.1,233.805267334,4.49920606613,0.063829280436
863,J153551.89+060328.9,233.966247559,6.05805110931,0.038476835936300004
864,J153556.38+205645.8,233.984924316,20.9460773468,0.0509523488581
865,J153835.32+261318.3,234.647171021,26.221780777,0.0698986500502
866,J153903.39+133812.0,234.764129639,13.6366834641,0.0498652420938
867,J153937.01+110925.1,234.90423584,11.157004356400002,0.04448736086490001
868,J153956.00+215200.5,234.983352661,21.8668041229,0.043111830949800006
869,J154008.92+160313.0,235.03718566900002,16.0536212921,0.0508406385779
870,J154022.35+071659.6,235.093139648,7.28322982788,0.038117844611400005
871,J154054.36+074356.7,235.22651672400002,7.73242998123,0.061955794692
872,J154106.37-014757.6,235.27658081099997,-1.7993593215900001,0.056718949228499994
873,J154125.56+025831.6,235.35650634799998,2.9754257202099996,0.064879797399
874,J154318.78+041557.9,235.828277588,4.26608991623,0.0432671271265
875,J154408.52+272638.8,236.03553772,27.4441127777,0.0323005989194
876,J154412.94+272351.8,236.053955078,27.3977108002,0.0323982685804
877,J154422.95+251939.1,236.09564209,25.327535629299998,0.0319835059345
878,J154429.17+113258.2,236.121566772,11.5495195389,0.0342736877501
879,J154433.85+101735.3,236.141082764,10.2931480408,0.035258527845099995
880,J154545.80+090447.0,236.440872192,9.07974815369,0.0363917425275
881,J154607.59+083024.5,236.53164672900002,8.50680160522,0.0685856938362
882,J154621.94+234832.5,236.59143066400003,23.8090286255,0.020981671288600002
883,J154826.30+090952.3,237.10960388200002,9.16454982758,0.0555638484657
884,J154837.75+235606.0,237.157318115,23.9350280762,0.0686662122607
885,J154959.53+001207.1,237.498077393,0.201954603195,0.032340034842500004
886,J155051.21+064328.7,237.71337890599997,6.72464799881,0.0694882646203
887,J155114.74+001734.8,237.81141662599998,0.293014079332,0.032136466354099995
888,J155146.83-000618.6,237.945129395,-0.10517490655200001,0.05442572012540002
889,J155151.10-000644.9,237.962905884,-0.11248128116100001,0.054368279874300006
890,J155235.91+033758.9,238.149658203,3.63304376602,0.0658085122705
891,J155343.29+252342.4,238.430374146,25.395120620700002,0.0694984197617
892,J155547.17+113731.9,238.946563721,11.6255407333,0.0348825491965
893,J155553.48+115843.7,238.972839355,11.978825569200001,0.0351523049176
894,J155618.73+125932.9,239.07807922400002,12.9925022125,0.0557276122272
895,J155659.12+183838.0,239.24635314900002,18.6439037323,0.0613480471075
896,J155719.60+195446.7,239.33169555700002,19.9129981995,0.0502110756934
897,J155755.10+022036.6,239.479614258,2.3434946537,0.06435029953719999
898,J155819.53+195803.3,239.58139038099998,19.9675865173,0.0328703410923
899,J155819.59+042705.4,239.58166503900003,4.4515213966400005,0.0544291213155
900,J155831.20+225407.7,239.630004883,22.902141570999998,0.0455104149878
901,J155915.37+051319.6,239.81405639599998,5.222123622890001,0.053430650383199996
902,J155948.77+055616.7,239.953216553,5.9379940033,0.0656479746103
903,J160016.04+055733.6,240.066864014,5.95934486389,0.06502189487219999
904,J160037.36+194323.5,240.155685425,19.7232131958,0.0311896502972
905,J160121.87+212630.9,240.34115600599998,21.4419441223,0.0467943735421
906,J160128.69+222539.3,240.369552612,22.427614211999998,0.0324411951005
907,J160129.05+224745.3,240.371078491,22.7959327698,0.050890125334300006
908,J160136.17+122136.6,240.40072631799998,12.3602018356,0.0353973805904
909,J160149.90+162135.7,240.457977295,16.3599357605,0.0347964577377
910,J160151.41+175726.9,240.464233398,17.9574928284,0.014687282964600003
911,J160158.87+123426.4,240.495285034,12.5740270615,0.0345461480319
912,J160212.80+155427.3,240.55337524400002,15.907594680799999,0.035789825022199996
913,J160314.11+172202.4,240.80882263200002,17.3673458099,0.033531818538900006
914,J160348.24+171426.2,240.951034546,17.2406253815,0.0367168262601
915,J160349.74+263231.5,240.95726013200002,26.5420894623,0.0487172864377
916,J160428.85+104821.2,241.12022399900002,10.805900573699999,0.0654927715659
917,J160435.79+174317.6,241.149154663,17.7215595245,0.0350876003504
918,J160450.73+215923.2,241.211395264,21.9898014069,0.0395258665085
919,J160504.24+235501.6,241.267700195,23.9171352386,0.0530958361924
920,J160504.25+110646.2,241.267745972,11.1128530502,0.06416035443540001
921,J160515.10+155533.8,241.312942505,15.9260759354,0.044690959155599994
922,J160526.43+162633.8,241.36013793900003,16.442749023399998,0.0452244244516
923,J160532.56+180934.4,241.38566589400003,18.159580230699998,0.0377468578517
924,J160534.34+054210.3,241.393112183,5.7028841972399995,0.06301137804990001
925,J160535.77+174350.4,241.39906311,17.7306919098,0.0379604361951
926,J160619.26+163218.5,241.58027648900003,16.5384960175,0.0353259965777
927,J160755.66+092749.1,241.98193359400003,9.463668823239999,0.0517735853791
928,J160809.47+115606.1,242.039489746,11.935058593800001,0.06996721029280001
929,J160848.29+125706.0,242.20123291,12.951675415,0.032699607312699996
930,J160915.70+254244.8,242.315460205,25.7124557495,0.0411657579243
931,J160951.81+254111.6,242.46588134799998,25.6865730286,0.04156867042180002
932,J161056.15+134506.7,242.73399353,13.7518596649,0.031061232089999998
933,J161126.45+292110.8,242.860214233,29.3530101776,0.052819311618800005
934,J161216.71+293423.0,243.069656372,29.573057174699997,0.05422092974190002
935,J161219.09+064310.6,243.07955932599998,6.719623565669999,0.0656415596604
936,J161246.92+275914.3,243.19552612299998,27.987331390399998,0.0330113135278
937,J161249.94+110935.2,243.20808410599997,11.159793853800002,0.042469184845699996
938,J161251.78+290630.9,243.21574401900003,29.108600616500002,0.0327866449952
939,J161354.89+145536.1,243.47874450700002,14.9267053604,0.0468185022473
940,J161403.28+141655.6,243.513702393,14.282110214200001,0.0302767455578
941,J161421.15+002647.0,243.588134766,0.446407139301,0.06457474827769999
942,J161457.83+215618.2,243.74098205599998,21.93841362,0.0315416157246
943,J161520.09+263728.4,243.83372497599998,26.6245670319,0.0321971476078
944,J161643.55+001447.2,244.181503296,0.246461316943,0.030653063207900007
945,J161735.22+132931.3,244.396774292,13.4920377731,0.0338020212948
946,J161807.36+210359.2,244.530700684,21.0664463043,0.0315539762378
947,J161824.72+205324.0,244.603042603,20.8900184631,0.0321411937475
948,J161839.61+153330.1,244.66505432099999,15.558380127000001,0.029722696170200007
949,J161910.53+140801.1,244.793914795,14.1336488724,0.0298187769949
950,J161912.87+104241.9,244.80363464400003,10.7116641998,0.036447372287499995
951,J161936.87+151641.8,244.90365600599998,15.278299331700001,0.0340970791876
952,J162029.30+072058.1,245.12208557099999,7.349481582639999,0.0306363478303
953,J162109.56+210430.1,245.289871216,21.0750389099,0.056733917444900014
954,J162125.72+143153.4,245.35719299299998,14.531524658199999,0.0295207984746
955,J162128.16-002725.4,245.367340088,-0.457071602345,0.059091810137
956,J162154.64+253731.9,245.477676392,25.625541687,0.0490672849119
957,J162259.99+215611.9,245.75,21.9366607666,0.037070538848599996
958,J162449.16+093433.1,246.20484924299998,9.57588386536,0.0320532284677
959,J162516.07+222853.1,246.316986084,22.4814472198,0.059147838503099986
960,J162614.40+232340.3,246.560012817,23.3945293427,0.0636911466718
961,J162637.94+201844.4,246.658096313,20.3123569489,0.06045171245930001
962,J162653.40+255752.7,246.72253418,25.9646549225,0.048703216016300004
963,J162700.16+274952.6,246.750686646,27.831281662,0.059331756085199985
964,J162700.28+090303.6,246.75119018599997,9.05100822449,0.0341064371169
965,J162802.24+134916.3,247.009338379,13.8212203979,0.05267769098280002
966,J162847.18+212937.3,247.19662475599998,21.493711471599998,0.03648881241680002
967,J162903.53+254248.1,247.26472473099997,25.7133846283,0.0423121377826
968,J162908.94+114447.8,247.287261963,11.746623039200001,0.05060691013930002
969,J162936.11+153930.3,247.400497437,15.6584386826,0.0341623798013
970,J163230.41+222442.4,248.12672424299998,22.4117832184,0.0368021577597
971,J163301.61+224750.6,248.256744385,22.7973995209,0.0363254137337
972,J163308.07+260215.5,248.283615112,26.0376338959,0.0655041188002
973,J163325.86+220522.9,248.35777282700002,22.0897045135,0.0370731800795
974,J163343.51+261944.4,248.43127441400003,26.3290042877,0.0667918249965
975,J163347.49+253623.8,248.447891235,25.606609344499997,0.044277019798800006
976,J163454.41+261629.1,248.726730347,26.2747821808,0.044136121869099994
977,J163522.02+263404.3,248.841766357,26.5678577423,0.0571414642036
978,J163536.86+263017.5,248.903594971,26.5048980713,0.0697938799858
979,J163601.77+194902.3,249.007385254,19.8173065186,0.054737020283900005
980,J163752.95+261541.1,249.47064209,26.2614116669,0.05225614458319999
981,J164000.12+292928.5,250.000534058,29.491249084499998,0.0553717315197
982,J164334.23+270634.2,250.892669678,27.109560012800003,0.0691405981779
983,J164618.78+265724.8,251.578277588,26.9568958282,0.0645466074347
984,J165015.70+233447.3,252.56541442900001,23.579837799099998,0.0360613502562
985,J165328.84+293730.9,253.37017822299998,29.62525177,0.06266092509030001
986,J165423.77+233358.7,253.59904480000003,23.5663337708,0.0569493472576
987,J165448.08+233344.2,253.70034790000003,23.5623092651,0.055392794311
988,J165454.43+260550.1,253.72682189900002,26.0972957611,0.0516021698713
989,J165555.01+225019.0,253.979232788,22.838634491,0.0472678728402
990,J165714.97+265010.8,254.31237793,26.8363227844,0.035815704613900004
991,J170013.99+242548.8,255.058303833,24.4302101135,0.06488997489210001
992,J170041.45+253327.9,255.172729492,25.5577526093,0.06341289728880001
993,J170232.49+220858.8,255.635437012,22.1496715546,0.049011945724499996
994,J170254.75+225548.0,255.728134155,22.9300174713,0.0574153661728
995,J170320.89+245609.8,255.83709716799999,24.9361076355,0.0307181701064
996,J170434.21+242813.9,256.142547607,24.4705276489,0.0661593452096
997,J170456.34+210022.1,256.23474121099997,21.006156921400002,0.0550687164068
998,J170528.10+230911.4,256.367095947,23.153200149499998,0.0310735814273
999,J170636.51+244630.1,256.652130127,24.775018692,0.038746353238800005
1000,J171159.71+232247.8,257.998840332,23.3799514771,0.0294019281864
1001,J171544.41+292415.4,258.93508911099997,29.404300689699998,0.028996901586700007
1002,J172047.82+284304.7,260.199249268,28.7179889679,0.04757161438469999
1003,J172452.14+280441.8,261.217285156,28.0782966614,0.0477400682867
1004,J203700.95-055947.1,309.253967285,-5.996398448940001,0.0358978994191
1005,J204832.04-011427.9,312.133544922,-1.2411036491399998,0.056334178894800004
1006,J205337.74-004109.8,313.40725708,-0.686071515083,0.0696671232581
1007,J205359.33-005513.3,313.4972229,-0.92037832737,0.05687917396430001
1008,J210107.74-001142.6,315.282287598,-0.195180773735,0.023713666945700002
1009,J210333.05-071331.1,315.88772583,-7.22530841827,0.0644778385758
1010,J210540.38+091403.5,316.418273926,9.23434829712,0.04418479278680002
1011,J210614.04+000552.0,316.558563232,0.09778542816639996,0.0505928657949
1012,J211031.84+005342.1,317.632720947,0.895053684711,0.0681023001671
1013,J211347.56+001028.1,318.448181152,0.17448388040100002,0.05976504459980001
1014,J212453.28+010419.4,321.222045898,1.07206642628,0.0494987405837
1015,J213137.55+114953.9,322.906494141,11.8316383362,0.0288301650435
1016,J213241.76-000740.2,323.17401123,-0.127836510539,0.050026826560500004
1017,J213253.48-071148.2,323.222869873,-7.196732997889999,0.0605457872152
1018,J213310.91+115229.3,323.295471191,11.8748273849,0.0625939816236
1019,J213353.58-071046.8,323.473266602,-7.1796836853,0.0637351572514
1020,J213702.36+002541.7,324.259887695,0.428242087364,0.050925236195300004
1021,J213735.87+112659.8,324.399505615,11.4499740601,0.0636000782251
1022,J213943.42+102014.9,324.93093872099996,10.3375091553,0.0353346355259
1023,J214017.91-004343.9,325.07464599599996,-0.7288789749150001,0.06384962052109999
1024,J214143.17-005732.6,325.429901123,-0.959070026875,0.0677378252149
1025,J214222.52-004840.7,325.593841553,-0.811339974403,0.0655268356204
1026,J214305.79-070406.4,325.774169922,-7.06847810745,0.0500800944865
1027,J214347.61-084618.4,325.948394775,-8.771794319149999,0.0509627349675
1028,J214927.19-001121.6,327.363342285,-0.189365029335,0.0620016008615
1029,J215144.01-070342.4,327.933410645,-7.0617799758899995,0.0589623004198
1030,J215305.08-071106.9,328.271179199,-7.18525981903,0.0589479245245
1031,J215311.30-073533.5,328.297088623,-7.592666149139999,0.0673727095127
1032,J215421.67-075605.7,328.590332031,-7.9349360466,0.0277112815529
1033,J215457.43-073551.4,328.739318848,-7.59760761261,0.06966459751130001
1034,J215556.95-065337.9,328.987304688,-6.893876075739999,0.0658033639193
1035,J215701.72-075022.5,329.257171631,-7.8395929336500005,0.0620341300964
1036,J215716.83-075450.5,329.320129395,-7.91402721405,0.0577965043485
1037,J215723.22-075549.1,329.34677124,-7.930328369139999,0.0575673654675
1038,J215729.42-074744.5,329.37261962900004,-7.795741081239999,0.0579538084567
1039,J215838.85-075042.2,329.661895752,-7.845057010650001,0.05842465907340001
1040,J220151.97+001908.4,330.466552734,0.31899484992,0.0639943480492
1041,J220201.62+000747.3,330.506774902,0.129767507315,0.0629768148065
1042,J220620.52+010715.7,331.58547973599997,1.12103247643,0.0484635159373
1043,J220756.59+002212.5,331.985839844,0.37016376853,0.056128077209
1044,J221212.35-010506.2,333.05148315400004,-1.08500695229,0.0560882501304
1045,J221957.25-073958.2,334.988525391,-7.666196823119999,0.037786506116400005
1046,J222012.69-080635.8,335.05291748,-8.11000919342,0.0599526017904
1047,J222022.94+002035.0,335.095611572,0.343058794737,0.0611296072602
1048,J222527.98+000541.7,336.366546631,0.0949268713593,0.0579766370356
1049,J222708.41-004337.8,336.785095215,-0.727203369141,0.0567804425955
1050,J222720.57-004045.0,336.835693359,-0.679192006588,0.056938573718099995
1051,J222721.06-004041.1,336.837738037,-0.67811113596,0.0565926395357
1052,J222721.91-010942.3,336.841278076,-1.16174685955,0.0591611415148
1053,J222813.18+000150.2,337.054931641,0.030641609802799997,0.0564756952226
1054,J222854.74-093709.5,337.22808837900004,-9.61929321289,0.0558869317174
1055,J223016.67-002424.7,337.56945800799997,-0.40688890218699997,0.0635750219226
1056,J223234.47-093109.1,338.14364624,-9.51920700073,0.0346822403371
1057,J223840.65+000603.4,339.669403076,0.100987918675,0.0590416677296
1058,J224005.22-004827.7,340.021789551,-0.807705819607,0.053198155015699994
1059,J224103.35-004304.3,340.263977051,-0.717812299728,0.05881912633780001
1060,J224919.16+002008.9,342.329864502,0.33580407500299997,0.0688388720155
1061,J225510.03-002433.8,343.791809082,-0.409374177456,0.0688728541136
1062,J225827.51-001601.2,344.614593506,-0.266997396946,0.054306451231199995
1063,J230530.95+004920.3,346.378997803,0.822309970856,0.06942367553710001
1064,J230558.94+005213.7,346.495605469,0.870449721813,0.0682043209672
1065,J230641.33-005106.6,346.672210693,-0.8518496155740001,0.054814096540199995
1066,J230748.94+005625.8,346.953887939,0.940548181534,0.0418516434729
1067,J231141.19+003126.8,347.921600342,0.524127781391,0.06952078640460001
1068,J231209.18+134214.9,348.038269043,13.7041397095,0.06720128655430001
1069,J231541.38+000605.5,348.922454834,0.101591221988,0.0688077658415
1070,J233151.18-005750.3,352.96325683599997,-0.96398293972,0.0582667551935
1071,J233441.96+001057.0,353.67486572300004,0.182527273893,0.0574729703367
1072,J234107.25+000542.7,355.28021240199996,0.0952448174357,0.06867603957650001
1073,J234646.15+160235.1,356.69232177699996,16.0430831909,0.0416443869472
1074,J234708.53-003639.1,356.78558349599996,-0.610837876797,0.0373296998441
1075,J235410.08+002258.3,358.542022705,0.382863402367,0.0261356700212
1076,J235626.51-110509.4,359.110473633,-11.085906982400001,0.043723616749
